,sample1,sample2,sample3,sample4,sample4
panLactobacillus_iners,0.01534,0.885790268,0.470874404,0.012262,0.003382774
panGardnerella_vaginalis,0.25734,0.002731259,0.235007949,0.981803864,0.23683
panLactobacillus_crispatus,0.26341,0.002048444,0.202385,0.004190455,0.12534
panLactobacillus_jensenii,0.003123,0.089879968,0.001844,0.001209326,0.001708
panMegasphaera_elsdenii,0.15342,0.019155,0.038759936,0.000140619,0.37442516
panAtopobium_vaginae,0.307367,0.000395314,0.051128776,0.000393734,0.258313817
